title,author,publisher,price,original_price,discount,rating,image_url,book_url
Telefon Melefon Yok,Şermin Yaşar,KRONİK KİTAP,"152,71",N/A,N/A,N/A,https://img.kitapyurdu.com/v1/getImage/fn:12094198/wi:100/wh:true,https://www.kitapyurdu.com/kitap/telefon-melefon-yok/726929.html
Sarı Yüz,R. F. Kuang,İTHAKİ YAYINLARI,"137,50",N/A,N/A,N/A,https://img.kitapyurdu.com/v1/getImage/fn:12057306/wi:100/wh:true,https://www.kitapyurdu.com/kitap/sari-yuz/718070.html
Basit Türkiye Tarihi,Sevan Nişanyan,LİBERUS,"192,50",N/A,N/A,N/A,https://img.kitapyurdu.com/v1/getImage/fn:12099288/wi:100/wh:true,https://www.kitapyurdu.com/kitap/basit-turkiye-tarihi/728368.html
Engereğin Gözü,Zülfü Livaneli,İNKILAP KİTABEVİ,"168,03",N/A,N/A,N/A,https://img.kitapyurdu.com/v1/getImage/fn:11337465/wi:100/wh:true,https://www.kitapyurdu.com/kitap/engeregin-gozu/567598.html
Biomortem / Glia,Serkan Karaismailoğlu,ORTAPİA,"172,54",N/A,N/A,N/A,https://img.kitapyurdu.com/v1/getImage/fn:12050457/wi:100/wh:true,https://www.kitapyurdu.com/kitap/biomortem-glia/716892.html
Robonlar 2 / Bir Hayal Operasyonu,Mert Arık,TİMAŞ İLK GENÇ,"94,45",N/A,N/A,N/A,https://img.kitapyurdu.com/v1/getImage/fn:12092676/wi:100/wh:true,https://www.kitapyurdu.com/kitap/robonlar-2-bir-hayal-operasyonu/726415.html
Gökyüzünde Nehirler Var,Elif Şafak,DOĞAN KİTAP,"342,20",N/A,N/A,N/A,https://img.kitapyurdu.com/v1/getImage/fn:12093955/wi:100/wh:true,https://www.kitapyurdu.com/kitap/gokyuzunde-nehirler-var/727018.html
Güneşsiz 1: Cehennem Diskosu,Jean Christophe Grange,DOĞAN KİTAP,"258,80",N/A,N/A,N/A,https://img.kitapyurdu.com/v1/getImage/fn:12100229/wi:100/wh:true,https://www.kitapyurdu.com/kitap/gunessiz-1-cehennem-diskosu/726432.html
Erişkin Acil Servis Order-Reçete El Kitabı,Dr. Muhammed Emrullah Yıldırım,KİTAPYURDU DOĞRUDAN YAYINCILIK (KDY),"376,25",,N/A,N/A,https://img.kitapyurdu.com/v1/getImage/fn:11918913/wi:100/wh:true,https://www.kitapyurdu.com/kitap/eriskin-acil-servis-orderrecete-el-kitabi/688734.html
Robonlar / Bir Kaçış Operasyonu,Mert Arık,TİMAŞ İLK GENÇ,"77,47",N/A,N/A,N/A,https://img.kitapyurdu.com/v1/getImage/fn:11961822/wi:100/wh:true,https://www.kitapyurdu.com/kitap/robonlar-bir-kacis-operasyonu/698206.html
Saatleri Ayarlama Enstitüsü,Ahmet Hamdi Tanpınar,DERGAH YAYINLARI,"200,04",N/A,N/A,N/A,https://img.kitapyurdu.com/v1/getImage/fn:11964184/wi:100/wh:true,https://www.kitapyurdu.com/kitap/saatleri-ayarlama-enstitusu/698820.html
Anne Terliği,Anıl Basılı,TİMAŞ ÇOCUK YAYINLARI,"85,40",N/A,N/A,N/A,https://img.kitapyurdu.com/v1/getImage/fn:11993588/wi:100/wh:true,https://www.kitapyurdu.com/kitap/anne-terligi/704691.html
Gece Yarısı Kütüphanesi,Matt Haig,DOMİNGO YAYINEVİ,"177,10",N/A,N/A,N/A,https://img.kitapyurdu.com/v1/getImage/fn:12077531/wi:100/wh:true,https://www.kitapyurdu.com/kitap/gece-yarisi-kutuphanesi/582550.html
Pediatrik Acil Servis Order-Reçete El Kitabı,Dr. Muhammed Emrullah Yıldırım,KİTAPYURDU DOĞRUDAN YAYINCILIK (KDY),"320,25",,N/A,N/A,https://img.kitapyurdu.com/v1/getImage/fn:11918914/wi:100/wh:true,https://www.kitapyurdu.com/kitap/pediatrik-acil-servis-orderrecete-el-kitabi-/688735.html
El Kızı,Orhan Kemal,EVEREST YAYINLARI,"286,90",N/A,N/A,N/A,https://img.kitapyurdu.com/v1/getImage/fn:12092933/wi:100/wh:true,https://www.kitapyurdu.com/kitap/el-kizi/105360.html
Atomik Alışkanlıklar,James Clear,PEGASUS YAYINLARI,"209,99",N/A,N/A,N/A,https://img.kitapyurdu.com/v1/getImage/fn:11221036/wi:100/wh:true,https://www.kitapyurdu.com/kitap/atomik-aliskanliklar/540793.html
Martin Eden,Jack London,TÜRKİYE İŞ BANKASI KÜLTÜR YAYINLARI,"96,18",N/A,N/A,N/A,https://img.kitapyurdu.com/v1/getImage/fn:5158817/wi:100/wh:true,https://www.kitapyurdu.com/kitap/martin-eden/346884.html
Yaşamak,Yu Hua,JAGUAR KİTAP,"140,50",N/A,N/A,N/A,https://img.kitapyurdu.com/v1/getImage/fn:1177782/wi:100/wh:true,https://www.kitapyurdu.com/kitap/yasamak/393974.html
Hapı Yuttuk Eczanesi,Mert Arık,TİMAŞ ÇOCUK YAYINLARI,"62,44",N/A,N/A,N/A,https://img.kitapyurdu.com/v1/getImage/fn:12024062/wi:100/wh:true,https://www.kitapyurdu.com/kitap/hapi-yuttuk-eczanesi/710925.html
Kalk Bi Dopamin Demle,Serkan Karaismailoğlu,ORTAPİA,"114,46",N/A,N/A,N/A,https://img.kitapyurdu.com/v1/getImage/fn:11923425/wi:100/wh:true,https://www.kitapyurdu.com/kitap/kalk-bi-dopamin-demle/690037.html
İnsanlığımı Yitirirken,Osamu Dazai,KAPRA YAYINCILIK,"14,94",N/A,N/A,N/A,https://img.kitapyurdu.com/v1/getImage/fn:11801746/wi:100/wh:true,https://www.kitapyurdu.com/kitap/insanligimi-yitirirken/665638.html
Rezonans Kanunu,Pierre Franckh,KORİDOR YAYINCILIK,"138,60",N/A,N/A,N/A,https://img.kitapyurdu.com/v1/getImage/fn:8273256/wi:100/wh:true,https://www.kitapyurdu.com/kitap/rezonans-kanunu/495933.html
Bağırmayalım da Ne Yapalım?,Hatice Kübra Tongar,AİLE YAYINLARI,"105,00",N/A,N/A,N/A,https://img.kitapyurdu.com/v1/getImage/fn:12082809/wi:100/wh:true,https://www.kitapyurdu.com/kitap/bagirmayalim-da-ne-yapalim/723807.html
Yırtıcı Kuşlar Zamanı,Ahmet Ümit,YAPI KREDİ YAYINLARI,"198,04",N/A,N/A,N/A,https://img.kitapyurdu.com/v1/getImage/fn:11939264/wi:100/wh:true,https://www.kitapyurdu.com/kitap/yirtici-kuslar-zamani/693223.html
Günübirlik Hayatlar,Irvin D. Yalom,PEGASUS YAYINLARI,"177,30",N/A,N/A,N/A,https://img.kitapyurdu.com/v1/getImage/fn:1031985/wi:100/wh:true,https://www.kitapyurdu.com/kitap/gunubirlik-hayatlar/369623.html
Dil Belası - Dilin Afetleri,İmam Gazali,ÇELİK YAYINEVİ,"94,10",N/A,N/A,N/A,https://img.kitapyurdu.com/v1/getImage/fn:11501990/wi:100/wh:true,https://www.kitapyurdu.com/kitap/dil-belasi-dilin-afetleri/409457.html
Beni Kandıramaz,Orhan Toker,ACAYİP KİTAPLAR,"60,50",N/A,N/A,N/A,https://img.kitapyurdu.com/v1/getImage/fn:12069989/wi:100/wh:true,https://www.kitapyurdu.com/kitap/beni-kandiramaz/721053.html
Saç Örgüsü,Laetitia Colombani,YAN PASAJ,"166,50",N/A,N/A,N/A,https://img.kitapyurdu.com/v1/getImage/fn:11995193/wi:100/wh:true,https://www.kitapyurdu.com/kitap/sac-orgusu/541590.html
Naneyi Yedik Lokantası,Mert Arık,TİMAŞ ÇOCUK YAYINLARI,"62,14",N/A,N/A,N/A,https://img.kitapyurdu.com/v1/getImage/fn:11890861/wi:100/wh:true,https://www.kitapyurdu.com/kitap/naneyi-yedik-lokantasi/682156.html
Algernon'a Çiçekler,Daniel Keyes,KORİDOR YAYINCILIK,"150,40",N/A,N/A,N/A,https://img.kitapyurdu.com/v1/getImage/fn:1013537/wi:100/wh:true,https://www.kitapyurdu.com/kitap/algernona-cicekler/363597.html
Yıldızlara Yakın,Metin Özdamarlar,TİMAŞ İLK GENÇ,"99,69",N/A,N/A,N/A,https://img.kitapyurdu.com/v1/getImage/fn:12084960/wi:100/wh:true,https://www.kitapyurdu.com/kitap/yildizlara-yakin/724264.html
Çöl Çiçeği,Waris Dirie,BİLGE KÜLTÜR SANAT,"153,75",N/A,N/A,N/A,https://img.kitapyurdu.com/v1/getImage/fn:11977250/wi:100/wh:true,https://www.kitapyurdu.com/kitap/col-cicegi/44348.html
Martıya Uçmayı Öğreten Kedi,Luis Sepulveda,CAN ÇOCUK YAYINLARI,"85,82",N/A,N/A,N/A,https://img.kitapyurdu.com/v1/getImage/fn:11477619/wi:100/wh:true,https://www.kitapyurdu.com/kitap/martiya-ucmayi-ogreten-kedi/16956.html
Söyleme Bilmesinler,Şermin Yaşar,DOĞAN KİTAP,"150,30",N/A,N/A,N/A,https://img.kitapyurdu.com/v1/getImage/fn:11997716/wi:100/wh:true,https://www.kitapyurdu.com/kitap/soyleme-bilmesinler/668247.html
Puslu Kıtalar Atlası,İhsan Oktay Anar,İLETİŞİM YAYINLARI,"206,41",N/A,N/A,N/A,https://img.kitapyurdu.com/v1/getImage/fn:11422412/wi:100/wh:true,https://www.kitapyurdu.com/kitap/puslu-kitalar-atlasi/1650.html
Cumhuriyet’in İlk Sabahı,Prof. Dr. İlber Ortaylı,KRONİK KİTAP,"135,58",N/A,N/A,N/A,https://img.kitapyurdu.com/v1/getImage/fn:12094573/wi:100/wh:true,https://www.kitapyurdu.com/kitap/cumhuriyetin-ilk-sabahi/649012.html
Körlük,Jose Saramago,KIRMIZI KEDİ YAYINEVİ,"178,08",N/A,N/A,N/A,https://img.kitapyurdu.com/v1/getImage/fn:11948029/wi:100/wh:true,https://www.kitapyurdu.com/kitap/korluk/648531.html
Bugün Kalan Hayatımın İlk Günü,Maud Ankaoua,YAN PASAJ,"217,50",N/A,N/A,N/A,https://img.kitapyurdu.com/v1/getImage/fn:11733854/wi:100/wh:true,https://www.kitapyurdu.com/kitap/bugun-kalan-hayatimin-ilk-gunu/524229.html
İçimdeki Müzik,Sharon M. Draper,TİMAŞ GENÇ,"146,28",N/A,N/A,N/A,https://img.kitapyurdu.com/v1/getImage/fn:11822557/wi:100/wh:true,https://www.kitapyurdu.com/kitap/icimdeki-muzik/389502.html
Bunun Adı Findel,Andrew Clements,GÜNIŞIĞI KİTAPLIĞI,"135,89",N/A,N/A,N/A,https://img.kitapyurdu.com/v1/getImage/fn:1131388/wi:100/wh:true,https://www.kitapyurdu.com/kitap/bunun-adi-findel/101773.html
Ayvayı Yedik Müzesi,Mert Arık,TİMAŞ ÇOCUK YAYINLARI,"62,24",N/A,N/A,N/A,https://img.kitapyurdu.com/v1/getImage/fn:11762369/wi:100/wh:true,https://www.kitapyurdu.com/kitap/ayvayi-yedik-muzesi/657730.html
Çantamdan Fil Çıktı,Mert Arık,TİMAŞ ÇOCUK YAYINLARI,"62,54",N/A,N/A,N/A,https://img.kitapyurdu.com/v1/getImage/fn:11708106/wi:100/wh:true,https://www.kitapyurdu.com/kitap/cantamdan-fil-cikti/648024.html
Tersine Okul,Funda Uçuk Er,TİMAŞ ÇOCUK YAYINLARI,"68,75",N/A,N/A,N/A,https://img.kitapyurdu.com/v1/getImage/fn:12083542/wi:100/wh:true,https://www.kitapyurdu.com/kitap/tersine-okul/723921.html
İrade Terbiyesi,Jules Payot,KAPRA YAYINCILIK,"22,85",N/A,N/A,N/A,https://img.kitapyurdu.com/v1/getImage/fn:11350115/wi:100/wh:true,https://www.kitapyurdu.com/kitap/irade-terbiyesi/570169.html
Bin Dokuz Yüz Seksen Dört - 1984,George Orwell,KAPRA YAYINCILIK,"22,85",N/A,N/A,N/A,https://img.kitapyurdu.com/v1/getImage/fn:11338358/wi:100/wh:true,https://www.kitapyurdu.com/kitap/bin-dokuz-yuz-seksen-dort-1984/567810.html
Sırların Sırrı,Dan Brown,ALTIN KİTAPLAR,"479,20",N/A,N/A,N/A,https://img.kitapyurdu.com/v1/getImage/fn:12096547/wi:100/wh:true,https://www.kitapyurdu.com/kitap/sirlarin-sirri/727573.html
Güneşi Bile Tamir Eden Adam,Behiç Ak,GÜNIŞIĞI KİTAPLIĞI,"153,13",N/A,N/A,N/A,https://img.kitapyurdu.com/v1/getImage/fn:1131389/wi:100/wh:true,https://www.kitapyurdu.com/kitap/gunesi-bile-tamir-eden-adam/104147.html
Hyunam - Dong Kitabevi,Hwang Bo - Reum,ATHİCA YAYINLARI,"179,55",N/A,N/A,N/A,https://img.kitapyurdu.com/v1/getImage/fn:11862714/wi:100/wh:true,https://www.kitapyurdu.com/kitap/hyunam-dong-kitabevi-/677221.html
Kınalı Serçe,Prof. Dr. İlber Ortaylı,KRONİK KİTAP,"169,20",N/A,N/A,N/A,https://img.kitapyurdu.com/v1/getImage/fn:12006627/wi:100/wh:true,https://www.kitapyurdu.com/kitap/kinali-serce/705985.html
Çiçeklenmeler,Melisa Kesmez,İLETİŞİM YAYINLARI,"129,42",N/A,N/A,N/A,https://img.kitapyurdu.com/v1/getImage/fn:11994492/wi:100/wh:true,https://www.kitapyurdu.com/kitap/ciceklenmeler/704897.html
Bir Aile Meselesi,Serdar Çankaya,DOĞAN KİTAP,"181,45",N/A,N/A,N/A,https://img.kitapyurdu.com/v1/getImage/fn:12081356/wi:100/wh:true,https://www.kitapyurdu.com/kitap/bir-aile-meselesi/723556.html
Momo,Michael Ende,PEGASUS YAYINLARI,"189,65",N/A,N/A,N/A,https://img.kitapyurdu.com/v1/getImage/fn:11997622/wi:100/wh:true,https://www.kitapyurdu.com/kitap/momo/434330.html
Simyacı (Ciltsiz),Paulo Coelho,CAN YAYINLARI,"155,48",N/A,N/A,N/A,https://img.kitapyurdu.com/v1/getImage/fn:11819904/wi:100/wh:true,https://www.kitapyurdu.com/kitap/simyaci-ciltsiz/27328.html
Anna Karenina (Ciltsiz),Lev N. Tolstoy,TÜRKİYE İŞ BANKASI KÜLTÜR YAYINLARI,"196,40",N/A,N/A,N/A,https://img.kitapyurdu.com/v1/getImage/fn:6828407/wi:100/wh:true,https://www.kitapyurdu.com/kitap/anna-karenina-ciltsiz/261990.html
Bilinçaltının Gücü & Zihinsel ve Bedensel İyileşme,Joseph Murphy,DİYOJEN YAYINCILIK,"125,38",N/A,N/A,N/A,https://img.kitapyurdu.com/v1/getImage/fn:11403822/wi:100/wh:true,https://www.kitapyurdu.com/kitap/bilincaltinin-gucu-zihinsel-ve-bedensel-iyilesme/579761.html
İyilik Timi,Metin Özdamarlar,TİMAŞ İLK GENÇ,"94,35",N/A,N/A,N/A,https://img.kitapyurdu.com/v1/getImage/fn:11911830/wi:100/wh:true,https://www.kitapyurdu.com/kitap/iyilik-timi/687154.html
Sır Küpü,Caner Taşpınar,KIRMIZI KEDİ YAYINEVİ,"185,90",N/A,N/A,N/A,https://img.kitapyurdu.com/v1/getImage/fn:12094264/wi:100/wh:true,https://www.kitapyurdu.com/kitap/sir-kupu/727176.html
Postayla Gelen Deniz Kabuğu,Behiç Ak,GÜNIŞIĞI KİTAPLIĞI,"178,48",N/A,N/A,N/A,https://img.kitapyurdu.com/v1/getImage/fn:274942/wi:100/wh:true,https://www.kitapyurdu.com/kitap/postayla-gelen-deniz-kabugu/346303.html
Çalınan Dikkat,Johann Hari,METİS YAYINLARI,"250,37",N/A,N/A,N/A,https://img.kitapyurdu.com/v1/getImage/fn:11705110/wi:100/wh:true,https://www.kitapyurdu.com/kitap/calinan-dikkat/631597.html
Sözcüklerin Kamera Arkası,Ferhat Taştekin,TİMAŞ İLK GENÇ,"85,70",N/A,N/A,N/A,https://img.kitapyurdu.com/v1/getImage/fn:11921869/wi:100/wh:true,https://www.kitapyurdu.com/kitap/sozcuklerin-kamera-arkasi/689467.html
İnsanın Anlam Arayışı,Viktor Emil Frankl,OKUYAN US YAYIN,"152,20",N/A,N/A,N/A,https://img.kitapyurdu.com/v1/getImage/fn:11614703/wi:100/wh:true,https://www.kitapyurdu.com/kitap/insanin-anlam-arayisi/131878.html
Sıfır Noktasındaki Kadın,Neval el-Saadavi,METİS YAYINLARI,"130,10",N/A,N/A,N/A,https://img.kitapyurdu.com/v1/getImage/fn:11711429/wi:100/wh:true,https://www.kitapyurdu.com/kitap/sifir-noktasindaki-kadin/5790.html
Bırak Yapsınlar Teorisi,Mel Robbins,NEPAL KİTAP,"187,28",N/A,N/A,N/A,https://img.kitapyurdu.com/v1/getImage/fn:12067269/wi:100/wh:true,https://www.kitapyurdu.com/kitap/birak-yapsinlar-teorisi/720560.html
Benim Zürafam Uçabilir,Mert Arık,TİMAŞ ÇOCUK YAYINLARI,"62,15",N/A,N/A,N/A,https://img.kitapyurdu.com/v1/getImage/fn:11631569/wi:100/wh:true,https://www.kitapyurdu.com/kitap/benim-zurafam-ucabilir/589761.html
Öğrenmeyi Öğrenmek,Altay Cem Meriç,TİN YAYINLARI,"178,75",N/A,N/A,N/A,https://img.kitapyurdu.com/v1/getImage/fn:11893288/wi:100/wh:true,https://www.kitapyurdu.com/kitap/ogrenmeyi-ogrenmek/682948.html
On Numara Beş Yıldız Apartmanı,Ece Erdoğuş Levi,TİMAŞ ÇOCUK YAYINLARI,"63,10",N/A,N/A,N/A,https://img.kitapyurdu.com/v1/getImage/fn:11930690/wi:100/wh:true,https://www.kitapyurdu.com/kitap/on-numara-bes-yildiz-apartmani/691637.html
Sınır Var Sinir Yok (Karton Kapak),Doç. Dr. Saniye Bencik Kangal,DOĞAN KİTAP,"129,26",N/A,N/A,N/A,https://img.kitapyurdu.com/v1/getImage/fn:12012308/wi:100/wh:true,https://www.kitapyurdu.com/kitap/sinir-var-sinir-yok-karton-kapak/708570.html
Yuan Huan’ın Kulübesi,Miyase Sertbarut,TUDEM YAYINEVİ,"124,79",N/A,N/A,N/A,https://img.kitapyurdu.com/v1/getImage/fn:9779010/wi:100/wh:true,https://www.kitapyurdu.com/kitap/yuan-huanin-kulubesi/514532.html
Nohut Adam,Anıl Basılı,TİMAŞ ÇOCUK YAYINLARI,"62,17",N/A,N/A,N/A,https://img.kitapyurdu.com/v1/getImage/fn:11467783/wi:100/wh:true,https://www.kitapyurdu.com/kitap/nohut-adam/557727.html
Miras,Vigdis Hjorth,SİREN YAYINLARI,"228,00",N/A,N/A,N/A,https://img.kitapyurdu.com/v1/getImage/fn:11906035/wi:100/wh:true,https://www.kitapyurdu.com/kitap/miras/576119.html
Kapiland'ın Kobayları,Miyase Sertbarut,TUDEM YAYINEVİ,"160,01",N/A,N/A,N/A,https://img.kitapyurdu.com/v1/getImage/fn:11281476/wi:100/wh:true,https://www.kitapyurdu.com/kitap/kapilandin-kobaylari/93536.html
Uzaya Giden Tren,Mert Arık,TİMAŞ ÇOCUK YAYINLARI,"62,34",N/A,N/A,N/A,https://img.kitapyurdu.com/v1/getImage/fn:11631570/wi:100/wh:true,https://www.kitapyurdu.com/kitap/uzaya-giden-tren/623243.html
Filozof Meşe,Anooshirvan  Miandji,BİLGİ ÇOCUK KİTAPLARI,"99,71",N/A,N/A,N/A,https://img.kitapyurdu.com/v1/getImage/fn:6824857/wi:100/wh:true,https://www.kitapyurdu.com/kitap/filozof-mese/471826.html
Sarmal,Murat Ağırel,KIRMIZI KEDİ YAYINEVİ,"153,63",N/A,N/A,N/A,https://img.kitapyurdu.com/v1/getImage/fn:11939850/wi:100/wh:true,https://www.kitapyurdu.com/kitap/sarmal/531483.html
İnsan Olmak,Engin Geçtan,METİS YAYINLARI,"174,82",N/A,N/A,N/A,https://img.kitapyurdu.com/v1/getImage/fn:11732291/wi:100/wh:true,https://www.kitapyurdu.com/kitap/insan-olmak/50667.html
Pia Mater,Serkan Karaismailoğlu,ELMA YAYINEVİ,"192,94",N/A,N/A,N/A,https://img.kitapyurdu.com/v1/getImage/fn:8863916/wi:100/wh:true,https://www.kitapyurdu.com/kitap/pia-mater/504836.html
Zaman Bisikleti,Bilgin Adalı,CAN ÇOCUK YAYINLARI,"110,65",N/A,N/A,N/A,https://img.kitapyurdu.com/v1/getImage/fn:11961150/wi:100/wh:true,https://www.kitapyurdu.com/kitap/zaman-bisikleti/57439.html
Bir İdam Mahkumunun Son Günü,Victor Hugo,KAPRA YAYINCILIK,"14,94",N/A,N/A,N/A,https://img.kitapyurdu.com/v1/getImage/fn:11318912/wi:100/wh:true,https://www.kitapyurdu.com/kitap/bir-idam-mahkumunun-son-gunu/564150.html
Şeker Portakalı (Ciltsiz),Jose Mauro De Vasconcelos,CAN YAYINLARI,"132,78",N/A,N/A,N/A,https://img.kitapyurdu.com/v1/getImage/fn:11462950/wi:100/wh:true,https://www.kitapyurdu.com/kitap/seker-portakali-ciltsiz/10139.html
Süper Gazeteciler 1,Aytül Akal,TUDEM YAYINEVİ,"157,16",N/A,N/A,N/A,https://img.kitapyurdu.com/v1/getImage/fn:11453973/wi:100/wh:true,https://www.kitapyurdu.com/kitap/super-gazeteciler-1/592169.html
Bu Kadar Tantana Yeter,Mert Arık,TİMAŞ ÇOCUK YAYINLARI,"56,51",N/A,N/A,N/A,https://img.kitapyurdu.com/v1/getImage/fn:11876022/wi:100/wh:true,https://www.kitapyurdu.com/kitap/bu-kadar-tantana-yeter/679589.html
Sırtımdaki Okyanus,Serhan Kansu,ELMA YAYINEVİ,"102,25",N/A,N/A,N/A,https://img.kitapyurdu.com/v1/getImage/fn:4570410/wi:100/wh:true,https://www.kitapyurdu.com/kitap/sirtimdaki-okyanus/435742.html
Kapra Felsefe Seti (10 Kitap),Rene Descartes,KAPRA YAYINCILIK,"138,75",N/A,N/A,N/A,https://img.kitapyurdu.com/v1/getImage/fn:11465044/wi:100/wh:true,https://www.kitapyurdu.com/kitap/kapra-felsefe-seti-10-kitap/592209.html
Sıfır Kural Sınıfı & Özgürlüğün Sınırları,Ergün Kazanır,TİMAŞ ÇOCUK YAYINLARI,"68,75",N/A,N/A,N/A,https://img.kitapyurdu.com/v1/getImage/fn:12092536/wi:100/wh:true,https://www.kitapyurdu.com/kitap/sifir-kural-sinifi-ozgurlugun-sinirlari/726352.html
Fonksiyonel Beslenme,Nazan Uysal Harzadın,DOĞAN KİTAP,"273,20",N/A,N/A,N/A,https://img.kitapyurdu.com/v1/getImage/fn:12093956/wi:100/wh:true,https://www.kitapyurdu.com/kitap/fonksiyonel-beslenme/727019.html
Azdahak,Prof. Dr. İskender Pala,KAPI YAYINLARI,"237,00",N/A,N/A,N/A,https://img.kitapyurdu.com/v1/getImage/fn:12099148/wi:100/wh:true,https://www.kitapyurdu.com/kitap/azdahak/704346.html
Kraliçeyi Kurtarmak,Vladimir Tumanov,GÜNIŞIĞI KİTAPLIĞI,"159,56",N/A,N/A,N/A,https://img.kitapyurdu.com/v1/getImage/fn:2953601/wi:100/wh:true,https://www.kitapyurdu.com/kitap/kraliceyi-kurtarmak/58695.html
Veda Etmiyorum,Han Kang,APRIL YAYINCILIK,"101,52",N/A,N/A,N/A,https://img.kitapyurdu.com/v1/getImage/fn:11983067/wi:100/wh:true,https://www.kitapyurdu.com/kitap/veda-etmiyorum/684847.html
Göbeklitepede Gece Yarısı,Kayahan Demir,TİMAŞ GENÇ,"223,44",N/A,N/A,N/A,https://img.kitapyurdu.com/v1/getImage/fn:12092859/wi:100/wh:true,https://www.kitapyurdu.com/kitap/gobeklitepede-gece-yarisi/726494.html
Suç ve Ceza (Ciltsiz),Fyodor Mihailoviç Dostoyevski,TÜRKİYE İŞ BANKASI KÜLTÜR YAYINLARI,"132,30",N/A,N/A,N/A,https://img.kitapyurdu.com/v1/getImage/fn:3846451/wi:100/wh:true,https://www.kitapyurdu.com/kitap/suc-ve-ceza-ciltsiz/88352.html
Kiraz Ağacı ile Aramızdaki Mesafe,Paola Peretti,TİMAŞ GENÇ,"120,30",N/A,N/A,N/A,https://img.kitapyurdu.com/v1/getImage/fn:11675361/wi:100/wh:true,https://www.kitapyurdu.com/kitap/kiraz-agaci-ile-aramizdaki-mesafe/476330.html
Elo ve Moni ile Finansal Okuryazarlık,Hale Güneş,ABM YAYINEVİ,"189,00",N/A,N/A,N/A,https://img.kitapyurdu.com/v1/getImage/fn:11855021/wi:100/wh:true,https://www.kitapyurdu.com/kitap/elo-ve-moni-ile-finansal-okuryazarlik/675771.html
Dünyanın En Yalnız Beyni,Serkan Karaismailoğlu,ORTAPİA,"164,24",N/A,N/A,N/A,https://img.kitapyurdu.com/v1/getImage/fn:11837807/wi:100/wh:true,https://www.kitapyurdu.com/kitap/dunyanin-en-yalniz-beyni/654591.html
Kalbin Şifası & Hayatın Zincirlerinden Kurtulmaya Dair İçgörüler,Yasmin  Mogahed,TİMAŞ YAYINLARI,"134,03",N/A,N/A,N/A,https://img.kitapyurdu.com/v1/getImage/fn:12054933/wi:100/wh:true,https://www.kitapyurdu.com/kitap/kalbin-sifasi-hayatin-zincirlerinden-kurtulmaya-dair-icgoruler/682341.html
Sinekli Bakkal,Halide Edib Adıvar,CAN YAYINLARI,"184,84",N/A,N/A,N/A,https://img.kitapyurdu.com/v1/getImage/fn:11469493/wi:100/wh:true,https://www.kitapyurdu.com/kitap/sinekli-bakkal/94987.html
Pal Sokağı Çocukları,Ferenc Molnar,KAPRA YAYINCILIK,"30,46",N/A,N/A,N/A,https://img.kitapyurdu.com/v1/getImage/fn:11651602/wi:100/wh:true,https://www.kitapyurdu.com/kitap/pal-sokagi-cocuklari/636583.html
Kalplerin Keşfi / Mukaşefetü'l Kulüp (Ciltsiz),İmam Gazali,ÇELİK YAYINEVİ,"98,62",N/A,N/A,N/A,https://img.kitapyurdu.com/v1/getImage/fn:11286051/wi:100/wh:true,https://www.kitapyurdu.com/kitap/kalplerin-kesfi-mukasefetul-kulup-ciltsiz/266797.html
Martı Jonathan Livingston,Richard Bach,EPSİLON YAYINEVİ,"135,03",N/A,N/A,N/A,https://img.kitapyurdu.com/v1/getImage/fn:7528415/wi:100/wh:true,https://www.kitapyurdu.com/kitap/marti-jonathan-livingston/17070.html
Pal Sokağı Çocukları,Ferenc Molnar,YAPI KREDİ YAYINLARI,"57,20",N/A,N/A,N/A,https://img.kitapyurdu.com/v1/getImage/fn:1030555/wi:100/wh:true,https://www.kitapyurdu.com/kitap/pal-sokagi-cocuklari/125370.html
Kitleler Psikolojisi,Gustave Le Bon,KAPRA YAYINCILIK,"19,90",N/A,N/A,N/A,https://img.kitapyurdu.com/v1/getImage/fn:11318952/wi:100/wh:true,https://www.kitapyurdu.com/kitap/kitleler-psikolojisi/564183.html
